{"SubTexture":[{"x":293,"y":120,"width":118,"name":"shin_01","height":117},{"x":293,"y":1,"width":118,"name":"shin_02","height":117},{"x":255,"y":492,"width":62,"name":"thigh_02_02","height":89},{"x":383,"y":239,"width":56,"name":"thigh_01_02","height":86},{"x":1,"y":635,"width":325,"name":"body","height":201},{"x":1,"y":343,"width":252,"name":"tail_02","height":290},{"x":328,"y":492,"width":110,"name":"tail_01","height":209},{"x":255,"y":343,"width":219,"name":"wing","height":147},{"x":328,"y":703,"width":115,"name":"neck_shadow","height":132},{"x":1,"y":1,"width":290,"name":"head","height":340},{"x":293,"y":239,"width":88,"name":"hood","height":69},{"frameX":-5,"y":583,"frameY":-5,"height":42,"frameWidth":73,"frameHeight":53,"width":63,"name":"beak","x":255},{"frameX":-24,"y":310,"frameY":-34,"height":14,"frameWidth":73,"frameHeight":53,"width":39,"name":"beak_lower","x":293},{"x":1,"y":838,"width":485,"name":"copyrights","height":93}],"width":512,"name":"Rooster_Ani","imagePath":"Rooster_Ani_tex.png","height":1024}